Year, Total, Bangkok, Central,Kanchanaburi,Nakhon Pathom,Prachuap Khiri Khan,Phetchaburi,Ratchaburi,Samut Prakan,Samut Songkhram,Samut Sakhon,Chai Nat,Nonthaburi,Pathum Thani,Ayutthaya,Lop Buri,Saraburi,Sing Buri,Suphan Buri,Ang Thong, Eastern,Chanthaburi,Chachoengsao,Chon Buri,Trad,Nakhon Nayok,Prachin Buri,Rayong,Sa Kaeo, Southern,Krabi,Chumphon,Nakhon Si Thammarat,Phangnga,Phuket,Ranong,Surat Thani,Trat,Narathiwat,Pattani,Phatthalung,Yala,Songkhla,Satun, Northern,Chiang Rai,Chiang Mai,Nan,Phayao,Phrae,Mae Hong Son,Lampang,Lamphun,Kamphaeng Phet,Tak,Nakhon Sawan,Phichit,Phitsanulok,Phetchabun,Sukhothai,Uttaradit,Uthai Thani, Northeastern,Kalasin,Khon Kaen,Nakhon Phanom,Bueng Kan,Maha Sarakham,Loei,Sakon Nakhon,Nong Khai,Nong Bua Lam Phu,Udon Thani,Chaiyaphum,Nakhon Ratchasima,Buri Ram,Mukdahan,Yasothon,Roi Et,Sisaket,Surin,Amnat Charoen,Ubon Ratchathani,Agriculture ,CR  pm ,,
1/1/2019,94564420000,29742580000,3916570000,2438190000,391120000,2516840000,1776560000,439180000,308330000,337590000,163760000,100900000,422330000,204140000,1054250000,451830000,336190000,69220000,484900000,126320000,9443010000,795710000,288180000,3967440000,900150000,836200000,479400000,1980420000,483690000,18636000000,2989400000,447370000,1235490000,929750000,4770590000,322820000,1285970000,1029670000,63950000,78470000,178810000,37040000,3605370000,1661300000,15470830000,2628010000,7670670000,323320000,143930000,151750000,421090000,285760000,172640000,149140000,695170000,340970000,135340000,916860000,855940000,206210000,251190000,122840000,9362170000,92720000,1881610000,210700000,137140000,113550000,463520000,239410000,446920000,38250000,695870000,177360000,2407700000,355910000,354150000,72890000,114430000,278840000,335080000,32640000,913480000,36.53327987,563,,
2/1/2019,2198180000,519840000,58370000,35940000,2630000,46500000,26330000,8170000,2230000,4800000,1270000,3610000,3000000,1140000,22540000,6270000,9510000,3580000,6630000,730000,328370000,49290000,1860000,116020000,93920000,3870000,5270000,55120000,4880000,247270000,16370000,4600000,19280000,19250000,141800000,2970000,20220000,9810000,740000,1080000,1790000,760000,5100000,3500000,684990000,113010000,342220000,14280000,13290000,7160000,19810000,13520000,5940000,5610000,22860000,24650000,7450000,42570000,38680000,6670000,5080000,2190000,230970000,1650000,25540000,3730000,2020000,2240000,4460000,3380000,4430000,720000,14150000,17570000,107610000,15790000,5760000,1000000,1630000,2520000,7350000,1050000,8370000,32.772099,307,,
3/1/2019,92831890000,27781570000,5151400000,2189300000,597120000,3080080000,3083130000,329890000,262040000,263110000,360130000,106230000,276240000,212440000,1205750000,568920000,929430000,80640000,702090000,62660000,11857390000,587530000,489800000,5225050000,965530000,522570000,361110000,3657260000,538340000,15304720000,3354650000,510380000,1134990000,760960000,3737340000,267000000,1400090000,572290000,69730000,74170000,407930000,61230000,2470040000,483920000,13889450000,2172340000,6975840000,183080000,137410000,157210000,342700000,437280000,152770000,160880000,581270000,324400000,154140000,714130000,758640000,350700000,153430000,133230000,9199760000,107030000,1656050000,154220000,89840000,96080000,399840000,177360000,439000000,41960000,1071650000,195490000,2220160000,896090000,245120000,48330000,158830000,135720000,356370000,58420000,652200000,34.36269219,378,,
4/1/2019,52759740000,12973920000,3564060000,1707390000,385170000,2674640000,1893180000,139670000,240330000,369900000,50210000,89880000,304610000,166100000,962480000,368290000,466550000,59370000,355870000,47870000,7945580000,359230000,423200000,5433310000,619250000,288050000,219360000,708800000,317580000,6967490000,1034140000,263930000,498370000,197560000,1226620000,97170000,1698960000,308840000,49080000,48900000,62210000,140370000,935210000,406130000,9625310000,2434230000,3552690000,230670000,131260000,212490000,283560000,351220000,102970000,96930000,417470000,341150000,93350000,479610000,539560000,139500000,105520000,113130000,4542730000,55230000,801750000,210270000,79180000,55900000,280960000,294820000,211590000,17060000,441330000,98450000,736000000,522890000,181320000,36770000,59740000,83320000,127300000,18150000,230700000,26.62619501,384,,
5/1/2019,47178080000,9467420000,2638930000,1495470000,263050000,2155620000,1811480000,161420000,136270000,178110000,76500000,61130000,141150000,125820000,700640000,257040000,392090000,49070000,259140000,36240000,6575640000,411370000,399930000,3378320000,562070000,345830000,265900000,1378160000,233990000,7647190000,924080000,255500000,1113800000,266980000,1615690000,75140000,803310000,250860000,39650000,32690000,153800000,215430000,1561560000,338700000,9735750000,1562540000,4866560000,165220000,97400000,95040000,273140000,310620000,109080000,109970000,401270000,225140000,89290000,499270000,441460000,295710000,105380000,88660000,5051910000,51080000,913940000,123600000,59220000,79380000,328140000,216690000,253430000,19310000,725180000,108710000,1177540000,214340000,117390000,32200000,108980000,81670000,160510000,30260000,250340000,65.69528147,267,,
6/1/2019,84813220000,14601820000,17964150000,2835840000,624190000,4080310000,3106860000,451710000,406340000,636650000,213660000,164450000,502810000,396610000,1883800000,634330000,850310000,119100000,918520000,138660000,13325310000,1256320000,793990000,7714530000,932740000,519810000,380800000,1298300000,428820000,13639000000,1906140000,596320000,1215620000,395020000,2259200000,232220000,2927630000,635120000,135620000,97210000,235620000,265320000,1875030000,862930000,16934930000,4514460000,6304860000,364900000,241840000,285530000,499600000,557330000,176740000,170390000,744190000,526280000,133870000,843060000,904850000,274980000,212430000,179620000,8348010000,121250000,1285750000,282320000,132780000,92540000,535080000,289320000,446130000,34520000,774420000,236700000,1638390000,756400000,297150000,56620000,129630000,139390000,271540000,42630000,785450000,30.16777498,791.9,,
7/1/2019,29260610000,6403180000,673840000,842030000,108410000,824340000,510200000,124990000,62860000,94000000,31770000,13050000,48040000,19560000,105720000,138050000,65090000,18840000,156840000,16440000,3776460000,227010000,46010000,1898130000,289690000,371710000,183050000,616260000,190610000,8542800000,1943690000,155210000,438990000,235760000,3374030000,94720000,601160000,296170000,27580000,44260000,53780000,9390000,948130000,319930000,5594090000,1028260000,2741710000,103470000,41300000,41510000,108540000,105490000,51240000,60510000,299910000,117460000,44310000,314490000,378350000,51850000,63340000,42350000,1717840000,15520000,452060000,50960000,24790000,16740000,44980000,47060000,58510000,3950000,91130000,29420000,445910000,44420000,74430000,11550000,20600000,54220000,59990000,4570000,167030000,24.9083118,4874,,
8/1/2019,47737300000,9642600000,9120050000,1739600000,277250000,2346990000,1723910000,145020000,188460000,352180000,45620000,74060000,197100000,130880000,722640000,313200000,465600000,53060000,297790000,46690000,7780590000,268560000,396580000,5152390000,652870000,250870000,246400000,617920000,195000000,6758700000,1500900000,230940000,412600000,286710000,1341930000,99820000,979190000,238910000,36680000,40010000,69740000,114610000,917690000,488970000,10531710000,2650110000,4503460000,249610000,129940000,147810000,337390000,330120000,108950000,91280000,315380000,248030000,79070000,524620000,496720000,154770000,96450000,68000000,3903650000,51730000,699510000,114680000,104260000,30640000,235950000,98590000,215540000,14450000,387350000,140130000,733350000,365620000,148250000,33100000,61760000,80370000,115210000,24690000,248470000,33.32242714,822,,
9/1/2019,87387180000,24574000000,3494770000,2258470000,352190000,2207630000,1781620000,306530000,279520000,310000000,166090000,96300000,383270000,176260000,861310000,431320000,290070000,70410000,443350000,115080000,9543860000,677350000,272950000,4304150000,895960000,751880000,415100000,1994330000,505090000,21819050000,5225450000,443940000,1010990000,705660000,6681990000,330560000,1480180000,1085700000,88330000,79580000,178250000,43970000,4667300000,1467050000,12970440000,2145040000,6472950000,268140000,113190000,129280000,358360000,221670000,135520000,121490000,610160000,320900000,123520000,795800000,673010000,158660000,204910000,117840000,7677460000,79160000,1388800000,211020000,107880000,92170000,391930000,202900000,362200000,38350000,685860000,129830000,1928660000,298620000,309070000,61830000,102360000,249820000,273560000,30500000,732940000,36.76793162,1076,,
10/1/2019,47507160000,9927650000,9161220000,1693120000,251870000,2324880000,1818330000,134450000,196970000,333320000,37390000,75090000,174890000,114680000,801410000,378750000,432000000,58130000,285800000,50140000,7836710000,413860000,401530000,5061740000,633330000,239920000,234710000,570060000,281560000,6259310000,1064670000,251720000,376620000,218410000,1297600000,80200000,1125050000,307480000,45800000,48020000,39940000,136720000,728100000,538980000,10675710000,2810560000,4743160000,267250000,142820000,141640000,276290000,261270000,86010000,96490000,325060000,254310000,81190000,433260000,473800000,117950000,88710000,75940000,3646560000,44000000,563470000,126040000,74180000,35220000,207110000,113230000,162190000,14940000,423560000,116750000,734790000,394650000,155170000,26820000,57110000,89170000,90640000,17310000,200210000,32.13624545,721,,
11/1/2019,55588630000,12459390000,11012510000,1814000000,299950000,2814970000,2270380000,152150000,326830000,397070000,59500000,85430000,288740000,185130000,908250000,352380000,530750000,64300000,416930000,45750000,9578670000,386080000,432700000,6325270000,730040000,317480000,229640000,826410000,331050000,7059070000,1089240000,268790000,524290000,206240000,1378190000,101520000,1554840000,318610000,51110000,52040000,64290000,146630000,875180000,428100000,10443760000,2641840000,3760150000,263400000,150710000,224250000,330490000,393020000,116720000,105390000,462420000,383370000,93140000,532470000,595940000,161990000,115720000,112740000,5035230000,53280000,826890000,227930000,80340000,51990000,307410000,201520000,232650000,19990000,460580000,109660000,808620000,880840000,204250000,34410000,69570000,77040000,149950000,20280000,218030000,78.89002625,378,,
12/1/2019,49821810000,11120520000,3252270000,1696160000,288270000,2495430000,2061200000,150620000,169120000,339920000,56050000,82130000,225570000,116060000,950380000,398000000,474950000,61770000,354290000,54830000,8182530000,405220000,375140000,5609660000,729330000,269640000,219550000,658400000,290730000,6914080000,1225240000,255660000,468010000,263690000,1239430000,91870000,1439670000,316140000,44960000,42840000,65130000,141630000,783230000,536580000,9035600000,2121010000,3622580000,225960000,139860000,180050000,276490000,285510000,113710000,105960000,318320000,314090000,86750000,450810000,470130000,127340000,92670000,104360000,4219190000,49080000,764980000,143090000,65100000,41810000,257080000,151150000,211110000,16070000,493140000,115540000,747940000,435460000,175600000,42860000,62660000,79910000,108220000,19440000,238950000,28.10790692,1068,,
1/1/2020,67990180000,13194290000,13456250000,2375670000,339940000,3289210000,2393390000,334090000,285870000,472620000,113430000,96370000,390280000,281290000,1096840000,506990000,533310000,72180000,778420000,96350000,12434170000,2438510000,524460000,6156730000,1006750000,348700000,281850000,1345890000,331280000,10565560000,1849220000,415620000,879960000,395320000,1810600000,226320000,2375180000,552470000,94700000,70320000,160800000,152020000,893790000,689240000,11931740000,2989420000,4349260000,382750000,172490000,229710000,339550000,336690000,105830000,119040000,553050000,512230000,105320000,549520000,719750000,181780000,160400000,124950000,6408170000,173320000,767860000,232290000,129320000,253410000,295770000,222820000,446650000,26580000,757240000,140940000,993650000,558860000,240390000,36060000,81850000,75360000,168190000,33650000,773960000,30.64186309,2214,,
2/1/2020,27336090000,6164500000,1058730000,674190000,139140000,1331470000,1132080000,60000000,48340000,133040000,10110000,40790000,48360000,19860000,426650000,69210000,146740000,29660000,85940000,38790000,2817040000,344880000,41080000,845210000,801460000,151450000,147760000,467000000,59280000,6231220000,1332990000,179750000,448780000,545130000,1986220000,129320000,371620000,197230000,34970000,37720000,82670000,85400000,475430000,323990000,6106880000,967450000,2841260000,127370000,70010000,126110000,142170000,249020000,87400000,71530000,164810000,217890000,90750000,368920000,286470000,131050000,69110000,95560000,1541000000,16050000,114220000,40990000,7000000,17610000,69490000,46490000,32660000,4040000,98680000,63790000,591000000,76520000,44280000,26900000,14920000,20500000,49660000,10990000,195210000,21.52322465,3747,,
3/1/2020,85480620000,32253000000,4307350000,1937800000,403530000,1965950000,1986300000,340390000,337270000,201320000,165580000,129960000,358550000,163650000,1218120000,372210000,480260000,75800000,353790000,91110000,11503010000,872110000,511310000,5098310000,1197600000,677210000,457650000,2689060000,511070000,13530910000,3294910000,653250000,2000710000,575730000,1055080000,398290000,1404970000,690900000,105220000,94170000,296950000,26290000,2507270000,427170000,9699320000,1487420000,4370460000,265790000,63460000,103440000,201980000,261170000,118290000,132350000,634790000,425600000,102080000,517490000,542230000,212660000,167200000,92910000,7401480000,111660000,1198660000,167630000,71920000,123840000,309750000,265520000,476360000,25340000,883670000,177830000,1870700000,268160000,227470000,108070000,111030000,178340000,203400000,27780000,594350000,25.4095247,1654,,
4/1/2020,72711410000,12962800000,14987600000,2444540000,517730000,3201860000,2675700000,325510000,320660000,552610000,154040000,132840000,416620000,347820000,1639020000,532960000,697730000,96320000,825630000,106010000,11948040000,1142560000,623650000,6894800000,926010000,462260000,310380000,1176760000,411620000,12069530000,1681100000,491950000,1496630000,372020000,1799510000,226320000,2422690000,526320000,88320000,98630000,224350000,165231000,1643040000,833420000,13199790000,3326470000,4943570000,312630000,179230000,211700000,437650000,460870000,143470000,131940000,531830000,454630000,115100000,639700000,777950000,209050000,180020000,143980000,7543650000,104950000,1020800000,284160000,136320000,61610000,465620000,277530000,421730000,32020000,800540000,199470000,1408700000,1024710000,243650000,45950000,96320000,102190000,185140000,35500000,596740000,80.41141144,379.6,,
5/1/2020,87325770000,40579960000,3908540000,1938060000,620970000,1901100000,1894820000,364270000,257360000,186120000,138550000,94830000,272560000,132970000,885540000,504620000,489140000,56690000,324970000,56330000,8190920000,481490000,398980000,3583720000,805480000,527070000,368610000,2002590000,421960000,13532830000,1904020000,612030000,1170770000,211170000,3915570000,315700000,1834810000,336570000,78550000,86010000,294550000,83760000,2479000000,210320000,7583930000,1159860000,3679880000,128610000,113370000,108610000,105510000,243290000,82120000,72280000,427370000,170490000,109330000,478310000,348410000,108120000,166840000,81530000,6920250000,107910000,1215430000,169980000,64830000,68400000,309750000,178230000,310180000,28220000,984050000,193900000,1934710000,222960000,260010000,40810000,117460000,114220000,185510000,15800000,397890000,26.27703381,254,,
6/1/2020,16056710000,5189090000,497180000,722310000,38170000,798310000,486740000,124720000,64680000,55120000,17720000,13490000,97900000,23700000,88220000,29650000,37050000,7830000,96210000,3860000,2021090000,185420000,74910000,895640000,263400000,195040000,71690000,328700000,81200000,2533610000,342820000,89810000,278370000,65260000,829550000,41520000,163500000,30110000,17910000,17020000,33230000,7760000,572000000,44750000,2270950000,363020000,1126370000,49640000,18170000,23500000,36610000,40110000,21850000,26860000,101200000,99990000,17240000,129670000,106800000,61310000,28980000,19630000,1261380000,15350000,220820000,21910000,8440000,19020000,11370000,36140000,68670000,1230000,96650000,25390000,417380000,20510000,17340000,14860000,18710000,58990000,50240000,4620000,133740000,26.89935746,279,,
7/1/2020,66368950000,13117870000,13305820000,2212490000,378120000,2798200000,2305950000,285160000,240240000,512630000,160980000,122200000,396040000,324840000,1541680000,526640000,526720000,75720000,795630000,102580000,12054360000,1374720000,576860000,7010180000,865930000,313410000,293010000,1325620000,294630000,10909450000,1775600000,421950000,1095210000,376880000,1725320000,176320000,2287270000,485940000,130640000,95320000,201630000,201630000,1279140000,656600000,10903330000,2356720000,4201740000,334280000,144360000,221450000,332170000,313780000,119930000,124700000,547220000,494100000,109310000,598560000,578900000,169010000,135420000,121680000,6078120000,112120000,740100000,287030000,131850000,65740000,550760000,196320000,418320000,31020000,725300000,174450000,953420000,498940000,236320000,52220000,76380000,95280000,167520000,30520000,534510000,22.059806,799.6,,
8/1/2020,2179620000,429870000,60450000,52140000,4020000,69010000,34380000,12500000,1820000,7380000,820000,2900000,2290000,1050000,28980000,5400000,7410000,2440000,9950000,1080000,334000000,43570000,2240000,139570000,72070000,5250000,5790000,62380000,5370000,275050000,14970000,5520000,21360000,15580000,169250000,3820000,16620000,9530000,900000,1310000,2290000,1000000,7090000,5810000,687360000,103990000,349590000,13990000,11630000,6640000,21380000,12110000,5450000,5110000,26020000,23290000,6730000,43650000,43990000,7090000,4710000,1990000,207530000,1790000,20720000,4630000,2720000,2130000,3510000,3460000,5600000,1090000,15260000,7660000,99110000,13770000,6250000,950000,1550000,2310000,6820000,1010000,7190000,26.95962643,360,,
9/1/2020,95422450000,29052570000,5359670000,2553880000,606720000,3269970000,2922150000,351980000,308190000,300550000,370770000,108410000,350800000,224650000,1224510000,605990000,917250000,79180000,733670000,52330000,13264760000,542440000,510870000,6501940000,904080000,494930000,371590000,3942830000,506950000,13789050000,2785700000,499410000,1041290000,567520000,3575380000,271340000,1212940000,558550000,72190000,77350000,358320000,39430000,2234520000,495110000,15567610000,2605080000,7626060000,199740000,151210000,168720000,431410000,517450000,178970000,184340000,704680000,352370000,150210000,703590000,868600000,389640000,183430000,152110000,8256590000,94790000,1734180000,147590000,90920000,101680000,451700000,176100000,396680000,43920000,991960000,187540000,1815220000,463590000,236130000,49660000,133520000,122620000,318050000,55060000,645680000,33.39691754,640,,
10/1/2020,10365220000,1493630000,745940000,758330000,39530000,823090000,644380000,107250000,38000000,48130000,19350000,22280000,34090000,25330000,229740000,46490000,58830000,18660000,117540000,12420000,1518630000,133740000,201220000,930460000,220790000,33730000,31280000,145020000,23610000,825360000,59480000,22200000,27450000,75900000,492600000,12040000,32440000,30770000,2830000,2500000,3690000,2350000,45590000,15520000,2363450000,485600000,1128800000,90940000,32500000,25550000,79800000,60810000,16700000,14580000,46260000,46980000,13780000,95820000,171410000,29420000,19470000,5030000,919490000,23630000,101030000,20640000,7490000,10480000,66910000,27830000,20000000,1690000,75410000,19640000,310140000,69160000,41510000,4160000,11480000,19130000,17580000,3540000,68040000,62.46874672,354,,
11/1/2020,52662890000,12625600000,3598950000,1641100000,270300000,2466680000,1834520000,134530000,246730000,346180000,49420000,81180000,297080000,173450000,1045160000,391670000,510530000,62640000,341320000,50020000,8560430000,377300000,420770000,5993500000,656030000,285320000,216810000,718730000,312740000,7161680000,1001630000,254230000,482370000,215220000,1366280000,93850000,1831480000,295270000,45710000,45430000,69670000,138250000,868730000,453560000,9544660000,2277840000,3645680000,216630000,132100000,202580000,297330000,337660000,105680000,99390000,386260000,359790000,95680000,495360000,532840000,143270000,102390000,114180000,4407240000,57070000,845980000,200790000,75280000,50330000,269500000,184890000,217620000,17940000,453420000,107190000,782930000,415080000,177140000,38130000,63030000,88420000,104540000,18620000,239340000,31.90613269,325,,
12/1/2020,41357890000,14106670000,1816860000,1385420000,219070000,1165130000,1283980000,234970000,109140000,127170000,46680000,45830000,128870000,49950000,522760000,172490000,144920000,27230000,154470000,29170000,4714700000,261740000,320750000,2248620000,529110000,395190000,227680000,787220000,265140000,7042340000,544150000,229240000,1057640000,179640000,1541200000,96030000,699470000,243620000,48790000,39870000,187320000,55420000,1937760000,182190000,5218220000,971710000,2427370000,80070000,70310000,65220000,96270000,183870000,57230000,51720000,248690000,127920000,62910000,302290000,226850000,91150000,96870000,57770000,4107960000,51660000,757800000,100100000,43270000,47410000,168090000,141780000,193330000,12270000,606040000,71160000,1195900000,133610000,89500000,28480000,77260000,75380000,99960000,10960000,204000000,34.36939918,337,,
1/1/2021,66563610000,13333880000,13510890000,2201330000,375770000,2874390000,2328350000,258110000,277400000,530020000,162320000,125010000,454200000,321970000,1526080000,485320000,587290000,83590000,810650000,109090000,11086870000,1102630000,619630000,6414080000,685320000,369350000,269610000,1296320000,329930000,11287590000,1632140000,458950000,1351020000,351020000,1724660000,168020000,2156130000,491020000,152020000,94020000,206650000,246210000,1528910000,726820000,10988170000,2761050000,3819260000,276140000,157170000,242290000,325070000,397150000,126340000,128210000,470950000,445150000,101740000,526700000,736950000,164170000,179520000,130310000,6356210000,105120000,819790000,273320000,131740000,62320000,365180000,231020000,413650000,29320000,719320000,187780000,1321290000,470580000,229950000,40510000,73690000,101480000,161850000,33750000,584550000,27.14511156,428.6,,
2/1/2021,57471550000,11988410000,3258510000,1675610000,291610000,2316350000,1783240000,241790000,228460000,215240000,114710000,77010000,217670000,162780000,792740000,335930000,493250000,61050000,420550000,36630000,9250840000,463080000,446670000,4859960000,770680000,367250000,314980000,2198630000,276260000,7690290000,955840000,241270000,1144110000,275350000,1628520000,66560000,725820000,256840000,44900000,38020000,162260000,247930000,1498220000,404650000,13030770000,2178530000,6773390000,222930000,120680000,131000000,417650000,397820000,149180000,124050000,485450000,273570000,112090000,525180000,585740000,275080000,139880000,118550000,5599950000,63440000,1025250000,129950000,71630000,94860000,396730000,153660000,296620000,23580000,786140000,151240000,1227470000,277710000,142870000,30380000,105960000,86070000,195710000,35230000,305450000,40.85527354,447,,
3/1/2021,93863130000,31137650000,3772300000,2505210000,365850000,2376060000,1704790000,439390000,303530000,321900000,166410000,91090000,385540000,208060000,1059240000,408580000,310280000,61400000,466670000,120590000,9400960000,950740000,291730000,3927710000,826180000,803890000,456380000,1946110000,489950000,18268150000,3017750000,459710000,1148460000,861820000,4450200000,323260000,1172060000,1019800000,61390000,76930000,180930000,35240000,3896670000,1563930000,14610890000,2547250000,6950680000,330100000,144280000,152770000,379010000,276880000,163980000,143630000,701820000,341970000,132540000,898610000,866590000,192940000,249150000,138690000,8859160000,83670000,1627700000,201520000,137430000,98780000,438750000,232200000,461660000,34030000,709880000,176460000,2386070000,331540000,320790000,58380000,111290000,270580000,300520000,31290000,846620000,32.41106529,1075,,
4/1/2021,73845550000,14260010000,14939910000,2503790000,363610000,3599450000,2551100000,262330000,352970000,571790000,124390000,95310000,480770000,285630000,1332470000,660810000,647010000,84340000,942160000,81980000,13210020000,619170000,513330000,8788730000,955060000,361000000,278990000,1355130000,338610000,9640815000,1755770000,386120000,722880000,386560000,1646590000,178050000,1832100000,535335000,90650000,84830000,125020000,159630000,1034850000,702430000,15432680000,3896000000,6096060000,404580000,197840000,267180000,417660000,498180000,152140000,135540000,645050000,497370000,143620000,729530000,806260000,222960000,184120000,138590000,6362110000,75120000,944550000,233880000,118650000,78820000,367310000,228090000,350810000,30830000,820630000,140890000,1120090000,617300000,280420000,37170000,137510000,79530000,180950000,37170000,482390000,35.13847562,971,,
5/1/2021,66039720000,18810390000,2418540000,1817810000,263330000,1745550000,1467890000,240900000,130510000,269280000,143850000,71040000,262990000,144230000,583790000,315680000,211190000,50490000,341550000,99400000,6446970000,843270000,142040000,2213660000,598740000,607280000,282730000,1490330000,410960000,14878900000,3630790000,356780000,778820000,470740000,4211590000,308090000,1286600000,776360000,72110000,72150000,145350000,34110000,1624100000,1111310000,10578070000,1578330000,5130880000,245990000,99990000,112130000,278790000,205670000,122480000,110250000,541980000,286030000,111220000,702620000,603990000,143100000,185410000,119210000,7023870000,82700000,1310100000,227460000,91670000,69000000,344800000,187100000,333650000,31340000,570280000,89290000,1840470000,277180000,286720000,56000000,89360000,223940000,218080000,28570000,666160000,21.72484352,1678,,
6/1/2021,68474350000,13466930000,13581200000,2404150000,329990000,3019340000,2350310000,341770000,294020000,521450000,116200000,100650000,425370000,266360000,1245820000,561750000,584660000,72130000,834510000,112720000,10803530000,1134250000,476970000,6109110000,840980000,334980000,275750000,1310320000,321170000,10179010000,1831270000,416200000,820370000,375210000,1835670000,265320000,2008490000,597370000,98320000,94600000,135000000,168650000,852570000,679970000,13768700000,3251590000,5293850000,482390000,192730000,253200000,378960000,415160000,122300000,131260000,613620000,478300000,131490000,670330000,860120000,193440000,172170000,127790000,6674980000,88330000,856220000,257440000,109320000,70350000,348700000,235660000,427970000,29820000,753440000,127600000,1007500000,541250000,259440000,35680000,88600000,73490000,175750000,34200000,1154220000,31.72999823,1259,,
7/1/2021,26955940000,2913820000,1748030000,1315570000,119210000,1431900000,1136450000,180580000,70310000,105900000,25870000,40720000,102730000,78250000,519630000,160830000,206450000,29550000,298440000,23710000,5825210000,359200000,370770000,3339120000,442440000,268120000,152580000,1098460000,165290000,2270480000,449010000,98670000,58230000,130850000,909010000,24520000,158480000,110480000,5710000,10130000,24000000,15340000,118940000,157110000,7333190000,1176560000,4233630000,175980000,82860000,70480000,184130000,202670000,66750000,57780000,138240000,129120000,34890000,280580000,289210000,105190000,66960000,38160000,2396370000,33490000,336470000,71090000,14600000,25010000,155450000,113710000,108580000,5150000,213370000,69770000,705620000,126980000,111700000,10380000,29630000,54120000,45310000,11650000,154290000,40.82172512,399,,
8/1/2021,35893530000,9845580000,2040900000,1469120000,255380000,1573950000,1919270000,155980000,100590000,150710000,14050000,74090000,120920000,67150000,768020000,193970000,249400000,40920000,288670000,60380000,2380190000,314450000,96030000,746580000,528090000,155230000,207190000,298470000,130180000,6186270000,819790000,172420000,670280000,517010000,1541570000,84070000,485020000,268750000,54830000,67360000,134040000,164040000,776200000,430890000,5639920000,862920000,2726820000,120190000,56050000,118860000,155400000,231880000,81080000,65890000,156000000,176930000,89580000,280220000,268900000,95550000,65200000,88450000,4242970000,58080000,676300000,96460000,55790000,54340000,190180000,132980000,211340000,16520000,551740000,78440000,949960000,389980000,135320000,34360000,101780000,92110000,143640000,23800000,249850000,26.80366532,3811,,
9/1/2021,90057220000,31928730000,4324310000,1964050000,386540000,2102200000,2125750000,430310000,357460000,209460000,161840000,138950000,368290000,158230000,1257590000,364110000,476660000,85330000,415610000,81590000,11236230000,901760000,487720000,4621250000,1247860000,662370000,445850000,2801540000,555600000,17737310000,3434330000,673500000,1992530000,673140000,3878370000,487400000,1729780000,840690000,122910000,99940000,286000000,28400000,3067870000,422450000,9925680000,1478030000,4293020000,264740000,72670000,111380000,211580000,287040000,128230000,147730000,703080000,449510000,105150000,574750000,580110000,229320000,176940000,112400000,7657580000,101740000,1402580000,177840000,74470000,129570000,340930000,241340000,449460000,26450000,881470000,159060000,1888220000,294820000,225840000,100550000,119980000,181600000,207380000,29400000,624880000,27.17214667,3284,,
10/1/2021,54040590000,13098350000,3399520000,1752570000,309180000,2561950000,2069820000,162610000,206430000,340210000,65250000,90600000,198800000,127330000,933280000,409010000,504460000,70160000,349180000,59740000,8531390000,390720000,425280000,5920290000,769620000,264990000,232260000,677670000,275840000,7334340000,1381420000,273440000,410980000,291530000,1384270000,98280000,1517750000,348610000,43040000,40260000,46050000,133160000,780090000,585460000,10188860000,2370180000,4474670000,225340000,142510000,197020000,253340000,302270000,106830000,115700000,338950000,306580000,91480000,471460000,456700000,131780000,91480000,112570000,4251790000,50410000,677940000,147970000,76130000,56670000,250190000,158260000,202970000,16700000,451400000,141220000,812720000,468720000,176510000,31370000,66570000,85980000,118910000,18160000,242990000,23.59446287,1296,,
11/1/2021,2139320000,1653740000,13630000,50090000,2130000,11830000,3670000,5540000,0,2680000,1390000,660000,1810000,1160000,2400000,800000,1240000,860000,1990000,540000,61660000,0,640000,37950000,0,5310000,3100000,15300000,0,3420000,0,770000,210000,0,0,0,0,0,430000,950000,210000,850000,0,0,238520000,53930000,83390000,4120000,3960000,4300000,2180000,9350000,3000000,3820000,13920000,12440000,2090000,15680000,14110000,6850000,3890000,1490000,92550000,1720000,22850000,2760000,1160000,1770000,3860000,2470000,7570000,170000,10880000,2000000,14000000,1600000,1360000,1070000,1590000,1750000,1400000,670000,11900000,20.03132718,626,,
12/1/2021,60802940000,12029990000,4232430000,1916130000,378560000,3038990000,2353520000,166150000,348910000,457960000,81650000,88930000,333440000,241260000,1082680000,393540000,617790000,73040000,450540000,59610000,11056910000,393510000,533020000,8060000000,689000000,315420000,231520000,1048180000,319280000,7550260000,1157340000,272590000,533070000,216020000,1810950000,105030000,1595780000,306330000,49890000,50680000,65920000,147500000,820600000,418560000,12664250000,3177390000,4791780000,299270000,176020000,245310000,368820000,441580000,133250000,122730000,583360000,436500000,102880000,606160000,690940000,233730000,128450000,126080000,4885810000,56160000,980270000,200970000,75060000,53850000,329380000,193860000,220990000,19670000,436350000,105740000,881740000,493870000,202130000,35420000,71130000,80010000,183050000,21510000,244650000,40.59059142,739,,
1/1/2022,70325620000,14364820000,13937750000,2423970000,358450000,3100070000,2390180000,321940000,253150000,536620000,158010000,112050000,395610000,299160000,1509250000,551580000,556070000,81280000,784630000,105730000,12446230000,1616420000,596630000,6715510000,1097400000,302650000,302590000,1502630000,312400000,11636450000,2240030000,432020000,978120000,429320000,1785320000,236640000,2335990000,656580000,86300000,82020000,193620000,196330000,1288040000,696120000,11758700000,2791190000,4309860000,409320000,159490000,226950000,315190000,329880000,121390000,123200000,579930000,529600000,112820000,625040000,648440000,181570000,165210000,129620000,6181670000,116230000,813440000,276120000,129650000,77430000,300810000,197340000,732520000,29950000,591090000,165040000,1019250000,540430000,230520000,45630000,81980000,67270000,172030000,32620000,562320000,27.97619064,3036,,
2/1/2022,3398110000,743110000,153560000,132330000,9570000,137900000,108440000,16440000,4240000,19900000,1500000,5100000,3450000,2820000,89780000,8390000,17940000,4440000,23470000,1800000,422420000,53630000,4530000,182910000,86040000,7180000,7210000,78920000,6530000,401310000,24230000,8030000,29400000,19570000,243120000,5310000,24720000,14350000,1260000,2000000,3540000,1910000,10610000,13260000,807910000,110630000,409430000,18530000,13710000,8600000,20480000,14370000,6570000,6600000,33590000,30300000,7800000,55610000,52240000,10260000,6270000,2920000,431320000,2140000,65590000,5940000,3650000,3760000,6500000,6480000,15150000,2100000,31040000,7970000,188420000,35070000,7240000,1460000,3720000,4790000,13010000,2650000,24640000,27.57198585,480,,
3/1/2022,92731270000,44719800000,4140080000,2060660000,653730000,1819610000,2011280000,411540000,272020000,207870000,148880000,107380000,272990000,133770000,949950000,531920000,498340000,62460000,345640000,65470000,8402360000,549330000,443170000,3228750000,881860000,591700000,357450000,2333690000,459580000,13067980000,2387260000,750340000,959030000,186570000,2974040000,333490000,1426940000,322660000,80500000,106710000,322910000,56940000,2866650000,293940000,8108300000,1170340000,3962240000,144630000,117670000,116510000,111270000,274080000,92510000,81540000,467310000,187400000,110560000,472170000,391160000,125350000,197390000,86170000,7436150000,125450000,1386700000,155850000,69180000,71440000,299370000,173880000,345560000,24150000,1001230000,221650000,2018600000,254310000,284930000,48590000,129270000,127530000,200810000,19440000,478210000,33.07093403,248,,
4/1/2022,52366100000,11952560000,3622540000,1731660000,329600000,2487650000,1912120000,149290000,191910000,362820000,53890000,87200000,284830000,140520000,990630000,423300000,546830000,65890000,348980000,70730000,8523730000,380280000,437210000,5931000000,695050000,281060000,231830000,687810000,316700000,7072620000,1086600000,283800000,462410000,204700000,1354960000,105020000,1520030000,288100000,48740000,50370000,66070000,150910000,948770000,502140000,9675120000,2327350000,3692970000,217570000,135940000,211800000,312720000,345010000,106150000,113860000,365440000,369990000,89430000,499680000,520120000,145020000,104090000,117980000,4527010000,53760000,821650000,193580000,74340000,45360000,268030000,177260000,228180000,18140000,506200000,124400000,834470000,435900000,172310000,39540000,58570000,94150000,108990000,19380000,252800000,26.44579838,357,,
5/1/2022,77652230000,13962810000,16572040000,2550460000,589680000,3824930000,2973940000,408750000,391050000,567350000,161700000,147390000,473480000,379040000,1716210000,585230000,728030000,102460000,862320000,110020000,13026200000,1195630000,658620000,7884440000,807610000,473510000,325620000,1265040000,415730000,12180240000,1798740000,530340000,1195020000,370540000,1632360000,185200000,2688780000,589630000,87520000,95320000,219320000,252630000,1692640000,842200000,14598610000,3625930000,5621230000,325620000,204840000,252930000,428700000,488000000,155290000,146400000,651900000,471030000,122520000,703550000,764380000,285650000,186650000,163990000,7312330000,116780000,1065790000,271570000,129540000,85620000,481790000,268540000,397430000,31520000,729320000,208010000,1445160000,645270000,267280000,47620000,119310000,125870000,230720000,36740000,608450000,40.59504081,467,,
6/1/2022,39230750000,14263350000,1683320000,1279440000,190380000,1372990000,1373900000,243390000,87820000,126470000,41250000,40370000,138200000,46180000,508780000,163290000,132170000,28170000,154500000,21250000,4545190000,255470000,285460000,2216560000,590710000,323810000,196870000,697830000,263940000,5530980000,652730000,263040000,507600000,124260000,970130000,102830000,642330000,190120000,34760000,31680000,150190000,42860000,1672060000,146390000,4826640000,758650000,2477260000,70600000,65020000,54410000,76780000,149610000,49620000,45160000,233450000,113440000,48800000,262410000,216490000,74330000,82570000,48040000,3830580000,44120000,679270000,90730000,38070000,43290000,174570000,79700000,203760000,11540000,545740000,57230000,1201260000,118040000,78050000,22150000,80450000,61620000,98990000,8690000,193310000,30.69360731,289,,
7/1/2022,69034040000,13027910000,14332810000,2327250000,407120000,3126960000,2488100000,266780000,283190000,553070000,189340000,127230000,448680000,342450000,1617260000,520270000,591750000,89060000,839650000,114650000,12591770000,1320630000,612360000,7559090000,720660000,383440000,295630000,1378620000,321340000,11294130000,1732610000,451740000,1187520000,365630000,1962480000,184020000,2226010000,495600000,149850000,91020000,217260000,160320000,1290750000,779320000,10947900000,2527340000,3746720000,297570000,159640000,239410000,324220000,395590000,149350000,132020000,542010000,528620000,125630000,630530000,650960000,184400000,171290000,142600000,6839520000,109650000,876250000,276980000,130850000,65210000,532310000,185940000,409320000,28650000,720520000,442710000,1263460000,529420000,230850000,42020000,74480000,108150000,165020000,34210000,613520000,33.05191561,403.7,,
8/1/2022,5499680000,1275610000,229750000,307940000,17150000,261010000,179600000,36120000,14910000,36190000,7000000,9670000,12930000,10020000,84350000,22670000,28000000,11160000,31600000,4630000,784430000,65170000,7260000,477990000,143250000,9180000,12260000,67920000,8660000,622270000,35980000,7490000,22860000,32130000,455040000,5690000,18290000,22300000,1680000,3000000,2240000,1220000,8260000,6090000,1307180000,212510000,772040000,31810000,18080000,14990000,26940000,18760000,7380000,6530000,34670000,29750000,7730000,57010000,51530000,9000000,5880000,2570000,427980000,3490000,47340000,9120000,2600000,3310000,11350000,7690000,7840000,930000,17750000,12570000,199460000,30670000,18670000,2390000,2340000,10170000,8390000,2170000,29730000,33.59787649,336,,
9/1/2022,89652700000,45060240000,3736900000,1845050000,560610000,1594900000,1757090000,342900000,251710000,176110000,131840000,103640000,246030000,123490000,847500000,483570000,458290000,58370000,338520000,62200000,8008410000,490370000,409650000,3341870000,834740000,543180000,351950000,2004660000,441640000,12531290000,1820430000,549770000,1143670000,319840000,3357330000,357380000,1438290000,392700000,85820000,92860000,285670000,58300000,2385190000,244040000,7283540000,1367960000,3197230000,125120000,108640000,114220000,104900000,253620000,83150000,73530000,369220000,182490000,113940000,453930000,403920000,110530000,140460000,80680000,6977750000,113780000,1247900000,163050000,63230000,63830000,282750000,167640000,344760000,26890000,944150000,212200000,2124240000,221120000,278250000,42540000,107920000,122920000,173590000,17470000,259520000,71.88492192,559,,
10/1/2022,1.01E+11,25262080000,5546090000,2575450000,614420000,3884030000,3698170000,393710000,305040000,320580000,355920000,118580000,338540000,261060000,1387710000,613420000,936420000,85800000,689270000,59370000,13211250000,595250000,469810000,6247840000,1010080000,510250000,386220000,3873210000,588400000,17784060000,4228610000,551890000,1171540000,418610000,6040510000,271810000,1331720000,486530000,69740000,78580000,327150000,48870000,2245670000,512830000,19144660000,3314860000,9808490000,223380000,176170000,200320000,536880000,542220000,203670000,220000000,740680000,402360000,168330000,811490000,999920000,449140000,196720000,150030000,8860540000,98540000,1725400000,147950000,93910000,100080000,569710000,185410000,469530000,48250000,1091080000,199530000,1941200000,512020000,253570000,53480000,143170000,141550000,292890000,62010000,731260000,38.10698826,906,,
11/1/2022,22878180000,8447450000,1073390000,771470000,116640000,1160000000,705790000,75290000,55570000,89010000,0,40530000,77120000,65140000,376120000,86850000,147880000,21920000,119320000,26380000,743110000,0,59240000,126190000,28330000,116410000,183430000,145780000,142970000,2965960000,393050000,89340000,442880000,152920000,374910000,34530000,322860000,110560000,26920000,26820000,55060000,69180000,691080000,175850000,4114650000,749570000,2076110000,29660000,38290000,40150000,100280000,154090000,43490000,37470000,110160000,109550000,53440000,257950000,166780000,57010000,43850000,46800000,2612740000,34720000,341940000,67010000,24060000,30950000,100750000,81030000,71030000,3700000,265510000,78780000,701810000,203760000,87660000,31690000,86900000,64120000,100640000,28540000,208140000,34.04624582,818,,
12/1/2022,80867710000,13318170000,17882440000,2744050000,565890000,4241340000,3311910000,461160000,465410000,652170000,229130000,152670000,488420000,406170000,1555910000,621320000,765610000,112140000,979810000,129330000,13135280000,1159190000,700300000,7301440000,1085960000,576740000,392210000,1510290000,409150000,12289740000,1888760000,450240000,1078980000,391340000,1964980000,235190000,2605980000,653450000,95950000,92280000,232210000,251180000,1537670000,811530000,16718440000,4615850000,6315780000,380630000,217100000,268530000,416130000,485630000,161200000,160260000,707150000,533420000,143190000,793090000,921810000,246220000,199520000,152930000,7523640000,82220000,1217750000,262440000,125880000,93080000,441950000,233770000,441980000,34630000,772580000,238180000,1453230000,760270000,284390000,57840000,126510000,106860000,201210000,38260000,550610000,33.76278937,750.7,,
1/1/2023,29533750000,9799710000,1453500000,1276730000,222290000,1368970000,1369020000,98570000,86750000,119800000,12130000,68030000,96250000,80560000,356830000,169750000,181340000,38280000,160050000,45040000,1665760000,213370000,96250000,392070000,380930000,122090000,165630000,262400000,129270000,3763530000,484780000,138490000,589580000,218470000,558990000,50470000,389090000,207340000,46900000,36980000,109700000,118130000,500570000,314040000,5069430000,757760000,2529210000,85970000,46300000,99360000,155870000,196840000,71550000,41070000,140240000,163690000,80520000,261580000,251070000,59400000,62560000,66440000,3388680000,51480000,443340000,85360000,37920000,42540000,170110000,122610000,146810000,6010000,379820000,66100000,896570000,243150000,147500000,31560000,78900000,70550000,128660000,26250000,213440000,22.91267354,1576,,
2/1/2023,87090570000,26066060000,3696600000,2088920000,364670000,2506600000,1620130000,269880000,321840000,298540000,164190000,101120000,382100000,169350000,967880000,430450000,312280000,73690000,452740000,123630000,10046880000,814470000,285400000,4484120000,913140000,816970000,429970000,2068490000,519720000,20973860000,4667300000,470390000,1108650000,741540000,6372030000,361970000,1168640000,1077420000,77750000,86510000,191440000,26730000,2880870000,1742620000,10767540000,1662080000,4917910000,258410000,100970000,128070000,254040000,229080000,148380000,132460000,595200000,299080000,127800000,757850000,634880000,171650000,229340000,120340000,8302820000,91650000,1740960000,190570000,121930000,101330000,370730000,210480000,365190000,35650000,692420000,141650000,1968210000,349380000,327340000,67530000,87740000,279620000,307600000,37490000,815350000,23.74925909,4471,,
3/1/2023,54376600000,11958580000,2883070000,1504000000,283030000,1974200000,1478530000,208840000,212530000,179800000,8880000,70750000,201540000,137450000,674660000,373260000,414750000,47010000,326040000,42800000,8123810000,352390000,416410000,4356330000,774820000,296380000,263110000,1736090000,344690000,7463070000,986100000,217010000,1074080000,306630000,1531590000,59130000,748760000,231420000,37280000,33830000,118890000,259360000,1481670000,377320000,12582310000,2053250000,6918390000,174790000,88750000,173190000,314090000,338270000,107830000,121740000,404550000,257820000,106480000,495680000,574900000,250780000,110710000,91090000,5694350000,61190000,957520000,132160000,72480000,89840000,414730000,164670000,309860000,27160000,876880000,156720000,1268950000,284340000,146000000,42110000,111060000,90080000,174870000,40650000,273080000,37.12653438,788,,
4/1/2023,49072790000,11572130000,3045830000,1710110000,266250000,2400220000,1911060000,139410000,189390000,320240000,56610000,84410000,187380000,120690000,789720000,391750000,450330000,60790000,301390000,56370000,7846150000,381060000,392140000,5485370000,695560000,228610000,214830000,582940000,257780000,6454100000,1120260000,260850000,386410000,221730000,1352010000,85630000,1186200000,275810000,46930000,43530000,40950000,128760000,745410000,559620000,9522600000,2415900000,4121920000,244700000,128050000,133920000,258690000,255810000,85120000,94200000,316020000,264930000,78120000,417870000,416070000,125940000,82560000,82780000,3849550000,47040000,617850000,142340000,66250000,40820000,241620000,117740000,188380000,15550000,420660000,126970000,683510000,438860000,166840000,29330000,62070000,100660000,104080000,15850000,223130000,26.99035679,1118,,
5/1/2023,499530000,434060000,1640000,0,450000,0,0,2430000,0,0,410000,0,0,120000,20000,70000,500000,70000,0,0,0,0,0,0,0,0,0,0,0,6120000,0,170000,220000,0,0,270000,0,0,0,0,220000,0,5240000,0,54100000,7160000,19460000,0,250000,360000,3150000,3780000,340000,1040000,6750000,3290000,530000,3840000,1640000,540000,1890000,80000,1180000,40000,370000,120000,0,0,0,50000,30000,0,0,30000,250000,60000,70000,0,0,30000,0,10000,120000,26.97200839,3814,,
6/1/2023,73181430000,13554030000,14697670000,2452980000,387000000,3304990000,2612000000,394080000,273260000,523630000,166530000,120810000,400610000,314680000,1419930000,597140000,665880000,83940000,862020000,118190000,12725060000,1554340000,545630000,7054810000,1152670000,315630000,292340000,1495220000,314420000,12554480000,2314420000,452620000,985320000,421020000,2052630000,295630000,2752030000,691930000,125630000,80620000,185360000,213960000,1236810000,746500000,12910900000,3175990000,4730050000,417800000,196170000,250780000,332650000,381890000,123180000,144400000,584770000,580780000,117200000,627840000,715170000,201330000,192010000,138890000,6739290000,154410000,919590000,256320000,130630000,224150000,311100000,229650000,420630000,29630000,772920000,184910000,1045950000,604430000,236320000,40320000,95300000,80060000,178200000,35120000,789650000,21.64015702,6671,,
7/1/2023,3766210000,1068550000,171810000,84360000,14930000,202550000,131960000,9230000,5470000,16090000,1930000,5780000,4230000,3990000,89970000,10540000,21820000,4950000,15150000,2180000,426810000,60450000,6020000,140780000,118300000,11940000,11300000,74840000,9200000,213460000,21210000,4930000,25020000,31400000,43610000,4590000,20180000,8540000,2420000,3330000,2570000,4950000,15230000,25480000,1038330000,146720000,520810000,10770000,19420000,12700000,33630000,21440000,8230000,9480000,42740000,41280000,10030000,68520000,74680000,7390000,7700000,2790000,387910000,1850000,78510000,5660000,2240000,4650000,7950000,4570000,16280000,1430000,22340000,9700000,148790000,29970000,7880000,870000,5980000,3440000,11570000,1360000,22870000,25.73467902,1136,,
8/1/2023,46371410000,9845110000,3032820000,1596860000,293290000,2088080000,1568210000,219370000,215060000,202760000,47890000,71300000,211960000,146020000,717090000,329500000,452970000,51880000,392730000,43800000,7062620000,404930000,452060000,4221380000,602510000,315600000,210490000,1143900000,163810000,5485650000,807420000,233420000,413740000,430700000,1347820000,54100000,670200000,353780000,11070000,18360000,50380000,102750000,596350000,395560000,10707020000,2211400000,5143010000,282520000,143480000,142920000,372840000,389900000,114780000,93740000,273820000,233840000,72780000,435130000,456930000,175260000,101450000,63220000,4170180000,43020000,894300000,129790000,56860000,40970000,179750000,150420000,241590000,14990000,428840000,149940000,873330000,217620000,133450000,35710000,51000000,80070000,105690000,26590000,316250000,29.26580336,691,,
9/1/2023,77845110000,27583910000,4072730000,1749960000,378980000,1752920000,1718480000,267360000,325370000,185210000,153440000,122170000,354410000,164210000,1128500000,347460000,483610000,74580000,368920000,81810000,10885390000,864030000,458190000,4895040000,955240000,621990000,382340000,2656360000,510390000,12975910000,2288910000,637300000,1661030000,357790000,3367540000,367000000,1325910000,460130000,51660000,81320000,248300000,13460000,1760720000,354840000,9213600000,1283200000,4256740000,238350000,61240000,84690000,174400000,246570000,108880000,134080000,586610000,442520000,88070000,532550000,529190000,201170000,157620000,87720000,7070720000,107540000,1209250000,164770000,71840000,117620000,341980000,242080000,402100000,28750000,805060000,183590000,1789210000,268910000,198280000,97840000,112270000,178150000,188850000,24300000,538330000,21.75720421,342,,
10/1/2023,49521820000,11306830000,3287590000,1604440000,281260000,2409850000,1864440000,135600000,177870000,340550000,51460000,78740000,223240000,122900000,965750000,411620000,494440000,57370000,332570000,52330000,8238460000,386360000,370610000,5660210000,711140000,272650000,227730000,680160000,300210000,6787970000,1073190000,261820000,438060000,225890000,1285430000,94330000,1460690000,280380000,45170000,43500000,63280000,145490000,889210000,481530000,9056330000,2162990000,3543250000,207870000,129160000,202410000,302910000,306080000,102160000,107580000,331180000,342740000,81250000,444040000,469180000,125490000,94830000,103210000,4157190000,49830000,738690000,149240000,67220000,40450000,248220000,155000000,213670000,16900000,474600000,119480000,743830000,418510000,169010000,38100000,60230000,87590000,105800000,17780000,243040000,28.18611028,505,,
11/1/2023,34994200000,8348660000,1597460000,1497220000,187780000,1394830000,1644770000,299000000,82660000,138010000,41370000,34430000,113090000,36050000,487120000,120970000,121740000,30600000,199880000,21490000,4454260000,369490000,320160000,1956040000,644440000,337420000,239070000,562690000,345110000,6034110000,608930000,321990000,599300000,114910000,784030000,117440000,607430000,225690000,37330000,22520000,168640000,39640000,2226720000,159540000,5631860000,865520000,2958860000,86740000,68410000,65900000,77340000,160060000,58000000,54420000,264240000,124020000,53080000,291780000,249810000,96530000,98910000,58240000,3754140000,47790000,670260000,83110000,40720000,42910000,163600000,41470000,184920000,12840000,503690000,77990000,1259370000,110660000,56120000,21370000,68370000,68030000,92270000,8540000,200110000,23.7298395,288,,
12/1/2023,67946200000,12880850000,13874020000,2275540000,346000000,2670430000,2899480000,193820000,259620000,498810000,172960000,137210000,427540000,322380000,1577280000,504400000,556630000,86320000,836950000,108650000,12296630000,1290420000,594060000,7263980000,819440000,372340000,285630000,1369620000,301140000,11122160000,1696870000,455590000,1125300000,372020000,1956320000,172020000,2363000000,586320000,146600000,90360000,209780000,160740000,1153640000,633600000,11275670000,2463870000,4246560000,311320000,152470000,227700000,332800000,357740000,147230000,130040000,558600000,511060000,114350000,633240000,622290000,181260000,156320000,128820000,6496870000,111320000,912260000,291110000,132650000,69650000,415800000,209540000,419320000,30250000,736320000,263320000,1172200000,516630000,231520000,41620000,78420000,105360000,162450000,33890000,563240000,33.34137174,423,,
1/1/2024,69672420000,13567280000,4459150000,2187820000,366690000,3334110000,2474730000,218290000,338370000,502330000,101960000,100760000,344630000,322590000,1132910000,415650000,672210000,73540000,693600000,69450000,13540080000,411020000,520390000,9566800000,929260000,412370000,281830000,1588810000,349990000,8060040000,1269800000,282570000,590380000,221530000,1923940000,110750000,1669540000,323680000,53560000,53270000,80570000,149930000,887960000,442560000,14874010000,3956160000,5566280000,344430000,207490000,275280000,416920000,508340000,155170000,138760000,661380000,491050000,114430000,703940000,811500000,228960000,150200000,143720000,5760980000,58590000,1005100000,219490000,81060000,57980000,359430000,210270000,279320000,20770000,553340000,138420000,1292340000,582960000,211420000,36600000,75090000,88530000,184810000,24000000,281460000,30.08617306,601,,
